name,books
TheRatCompany,rateconomy#5 cheese#4 cheese#2 chseadv rateconomy#6
NYTimes,times
TheCatCompany,cat#2 cat#1
Java Books Inc.,java101
Algorithmic Press,dsa202
Mathematics Publishing,la303
Apocalypse Publishing,zombie101
Dark Arts Press,vampire202
Moonlit Publications,werewolf303
Eldritch Books,cthulhu404
FireBreath Press,dragon505
Coffee Connoisseur Books,espresso101
Barista Academy Publishing,latte202
BeanSociety Publications,cappuccino303
Tea Time Books,teapot404
Cup Collector Press,mug505
FutureTech Education,ai404
Database Solutions Ltd.,db505
CNN,cnn
BBC,bbc
Washington Post,wash
Reuters,reut
Dairy Dreamland Press,chedreams
Fromage Fantasy Books,mozzmagic
Soda Saga Books,colabuzz
FizzFactor Publishing,bubblescience
Pop Culture Press,cokeculture
Classic Cola Publishing,cokelegacy
Pop Art Publications,cokeart
RatMan,
TimeTravel Books,
Starlight Press,
Mystical Publishing,
Nature's Wonder Books,
RatMan,
RatMan,
RatMan,
RatMan,
RatMan,
RatMan,
RatMan,
RatMan,
RatMan,
RatMan,
RatMan,
RatMan,
RatMan,
RatMan,
RatMan,
RatMan,
RatMan,
RatMan,
RatMan,
RatMan,
RatMan,
RatMan,
RatMan,
RatMan,
RatMan,
Unknown Publisher,
Unknown Publisher,
Unknown Publisher,
Unknown Publisher,
Unknown Publisher,
Unknown Publisher,
Unknown Publisher,
Unknown Publisher,
Unknown Publisher,
Unknown Publisher,
Unknown Publisher,
Unknown Publisher,
Unknown Publisher,
Unknown Publisher,
Unknown Publisher,
Unknown Publisher,
Unknown Publisher,
Unknown Publisher,
Unknown Publisher,
Unknown Publisher,
Unknown Publisher,
Unknown Publisher,
Unknown Publisher,
Unknown Publisher,
Unknown Publisher,
Unknown Publisher,
Unknown Publisher,
Unknown Publisher,
Unknown Publisher,
Unknown Publisher,
Unknown Publisher,
Unknown Publisher,
Unknown Publisher,
Unknown Publisher,
Unknown Publisher,
Unknown Publisher,
Unknown Publisher,
Unknown Publisher,
Unknown Publisher,
Unknown Publisher,
Unknown Publisher,
Unknown Publisher,
Unknown Publisher,
Unknown Publisher,
Unknown Publisher,
Unknown Publisher,
Unknown Publisher,
Unknown Publisher,
Unknown Publisher,
Unknown Publisher,
Unknown Publisher,
Unknown Publisher,
Unknown Publisher,
Unknown Publisher,
Unknown Publisher,
Unknown Publisher,
Unknown Publisher,
Unknown Publisher,
Unknown Publisher,
Unknown Publisher,
Unknown Publisher,
Unknown Publisher,
Unknown Publisher,
Unknown Publisher,
Unknown Publisher,
Unknown Publisher,
Unknown Publisher,
Unknown Publisher,
Unknown Publisher,
Unknown Publisher,
Unknown Publisher,
Unknown Publisher,
Unknown Publisher,
Unknown Publisher,
Unknown Publisher,
Unknown Publisher,
Unknown Publisher,
Unknown Publisher,
Unknown Publisher,
Unknown Publisher,
Unknown Publisher,
Unknown Publisher,
Unknown Publisher,
Unknown Publisher,
Unknown Publisher,
Unknown Publisher,
Unknown Publisher,
Unknown Publisher,
Unknown Publisher,
Unknown Publisher,
Unknown Publisher,
Unknown Publisher,
Unknown Publisher,
Unknown Publisher,
Unknown Publisher,
Unknown Publisher,
Unknown Publisher,
Unknown Publisher,
Unknown Publisher,
Unknown Publisher,
Unknown Publisher,
Unknown Publisher,
Unknown Publisher,
Unknown Publisher,
Unknown Publisher,
Unknown Publisher,
Unknown Publisher,
Unknown Publisher,
Unknown Publisher,
Unknown Publisher,
Unknown Publisher,
Unknown Publisher,
Unknown Publisher,
Unknown Publisher,
Unknown Publisher,
Unknown Publisher,
Unknown Publisher,
Unknown Publisher,
Unknown Publisher,
Unknown Publisher,
Unknown Publisher,
Unknown Publisher,
Unknown Publisher,
Unknown Publisher,
Unknown Publisher,
Unknown Publisher,
Unknown Publisher,
Unknown Publisher,
Unknown Publisher,
Unknown Publisher,
Unknown Publisher,
Unknown Publisher,
Unknown Publisher,
Unknown Publisher,
Unknown Publisher,
Unknown Publisher,
Unknown Publisher,
Unknown Publisher,
Unknown Publisher,
Unknown Publisher,
Unknown Publisher,
Unknown Publisher,
Unknown Publisher,
Unknown Publisher,
Unknown Publisher,
Unknown Publisher,
Unknown Publisher,
Unknown Publisher,
Unknown Publisher,
Unknown Publisher,
Unknown Publisher,
Unknown Publisher,
Unknown Publisher,
Unknown Publisher,
Unknown Publisher,
Unknown Publisher,
Unknown Publisher,
Unknown Publisher,
Unknown Publisher,
Unknown Publisher,
Unknown Publisher,
Unknown Publisher,
Unknown Publisher,
Unknown Publisher,
Unknown Publisher,
Unknown Publisher,
Unknown Publisher,
Unknown Publisher,
Unknown Publisher,
Unknown Publisher,
Unknown Publisher,
Unknown Publisher,
Unknown Publisher,
Unknown Publisher,
Unknown Publisher,
Unknown Publisher,
Unknown Publisher,
Unknown Publisher,
Unknown Publisher,
Unknown Publisher,
Unknown Publisher,
Unknown Publisher,
Unknown Publisher,
Unknown Publisher,
Unknown Publisher,
Unknown Publisher,
Unknown Publisher,
Unknown Publisher,
Unknown Publisher,
Unknown Publisher,
Unknown Publisher,
Unknown Publisher,
Unknown Publisher,
Unknown Publisher,
Unknown Publisher,
Unknown Publisher,
Unknown Publisher,
Unknown Publisher,
Unknown Publisher,
Unknown Publisher,
Unknown Publisher,
Unknown Publisher,
Unknown Publisher,
Unknown Publisher,